synthetic_source,defect_type,total,accepted,rejected,accept_rate,mean_mask_area_ratio,mean_inside_abs_diff,mean_outside_abs_diff
traditional,fold,20,10,10,0.5,0.015328311920166015,4.488182508945465,0.0014061759271839947
diffusion,fold,10,10,0,1.0,0.015360546112060548,8.341657018661499,6.69900484085083
