experiment,train_samples,test_samples,pixel_precision,pixel_recall,pixel_f1,pixel_dice,pixel_iou,best_pixel_f1,image_precision,image_recall,image_f1
combined,135,124,0.030537502705727696,0.5488272354637923,0.05785582754278273,0.05785582754278273,0.02978966668040048,0.14437883998852533,0.7419354838709677,1.0,0.8518518518518519
