experiment,train_samples,test_samples,pixel_precision,pixel_recall,pixel_f1,pixel_dice,pixel_iou,best_pixel_f1,image_precision,image_recall,image_f1
combined,144,79,0.6366955727978092,0.16741925321411963,0.26512406903678715,0.26512406903678715,0.15282018979281636,0.29014869367981855,0.9444444444444444,0.85,0.8947368421052632
