experiment,train_samples,test_samples,pixel_precision,pixel_recall,pixel_f1,pixel_dice,pixel_iou,best_pixel_f1,image_precision,image_recall,image_f1
combined,240,124,0.8751581397702546,0.32818430241384544,0.4773589853292297,0.4773589853292297,0.3135072421731958,0.5219125543339299,0.9886363636363636,0.9456521739130435,0.9666666666666666
