synthetic_source,defect_type,total,accepted,rejected,accept_rate,mean_mask_area_ratio,mean_inside_abs_diff,mean_outside_abs_diff
traditional,cut,20,20,0,1.0,0.003724956512451172,23.91235179901123,0.005595584830734879
diffusion,cut,10,10,0,1.0,0.003577423095703125,10.526661682128907,6.093711709976196
