source,count,mean_area_ratio,min_area_ratio,max_area_ratio,mean_bbox_width,min_bbox_width,max_bbox_width,mean_bbox_height,min_bbox_height,max_bbox_height,mean_bbox_aspect_ratio,min_bbox_aspect_ratio,max_bbox_aspect_ratio,mean_bbox_fill_ratio,min_bbox_fill_ratio,max_bbox_fill_ratio,mean_inside_gray,min_inside_gray,max_inside_gray,mean_outside_gray,min_outside_gray,max_outside_gray,mean_inside_minus_outside,min_inside_minus_outside,max_inside_minus_outside
real,17,0.022131435907696412,0.008421201814058957,0.03625425170068027,556.9411764705883,67.0,840.0,737.8235294117648,29.0,840.0,2.389519623486588,0.07976190476190476,28.96551724137931,0.061752299381778376,0.022830310880829017,0.24392446633825945,71.89184076645795,41.574363708496094,117.44920349121094,111.32020703484031,98.89797973632812,124.64347839355469,-39.428366268382355,-65.41360092163086,4.520751953125
old_traditional,20,0.0069980867346938775,0.003745748299319728,0.010279195011337868,468.0,141.0,678.0,337.55,95.0,693.0,2.1539819170704333,0.20346320346320346,5.178947368421053,0.038865222235305044,0.02216480639382665,0.06588152398208263,27.655792140960692,13.831321716308594,39.832767486572266,118.0053035736084,107.40961456298828,127.53875732421875,-90.3495114326477,-105.145751953125,-78.43852615356445
old_diffusion,10,0.007019132653061225,0.003946995464852608,0.010279195011337868,469.4,141.0,678.0,363.4,95.0,693.0,2.094295754127716,0.20346320346320346,5.178947368421053,0.03656812479427668,0.02216480639382665,0.0595849379546427,83.54160232543946,60.312171936035156,97.81754302978516,115.4131477355957,106.2518081665039,125.73388671875,-31.87154541015625,-49.54802703857422,-19.903366088867188
new_traditional,20,0.015148242630385486,0.003090986394557823,0.03346655328798186,406.05,21.0,840.0,403.05,58.0,690.0,1.253600582616432,0.1111111111111111,3.6724137931034484,0.11266659970636299,0.03292692885094943,0.5495086923658352,75.84080982208252,59.06791305541992,85.08534240722656,116.86313095092774,105.72003173828125,130.74581909179688,-41.02232112884521,-53.524967193603516,-28.206268310546875
new_diffusion,10,0.01736323696145125,0.003090986394557823,0.03346655328798186,439.3,21.0,840.0,411.8,189.0,690.0,1.1213855030903788,0.1111111111111111,2.5531914893617023,0.11977291815534849,0.04460974050015146,0.5495086923658352,93.14613265991211,77.55708312988281,107.27758026123047,115.66869888305663,104.10153198242188,128.8111572265625,-22.52256622314453,-37.95332336425781,-14.531982421875
