experiment,train_samples,test_samples,pixel_precision,pixel_recall,pixel_f1,pixel_dice,pixel_iou,best_pixel_f1,image_precision,image_recall,image_f1
combined,150,117,0.8912688047448839,0.6727539228984605,0.7667466388453595,0.7667466388453595,0.6217267781273172,0.7835659943116149,0.8210526315789474,0.9285714285714286,0.8715083798882681
